cont,x1,x2,cost,
1,0.267747,0.034068,-6.25246,
2,0.514982,0.103135,-9.59258,
3,0.501718,0.120503,-9.65559,
4,0.501329,0.120629,-9.65552,
